기준일,시군구명,구분,품목,규격 및 단위,물가동향,데이터기준일자
2021-07-04,장안구,개인서비스요금(외식비-한식),설렁탕,1인분(보통),7489,2021-07-28
2021-07-04,장안구,개인서비스요금(외식비-한식),냉면,물냉면 1인분(보통),7050,2021-07-28
2021-07-04,장안구,개인서비스요금(외식비-한식),비빕밥,1인분(보통),5850,2021-07-28
2021-07-04,장안구,개인서비스요금(외식비-한식),갈비탕,1인분(보통),11150,2021-07-28
2021-07-04,장안구,개인서비스요금(외식비-한식),삼계탕,닭 1마리 1인분(보통),13333,2021-07-28
2021-07-04,장안구,개인서비스요금(외식비-한식),김치찌개,1인분(보통),6700,2021-07-28
2021-07-04,장안구,개인서비스요금(외식비-한식),된장찌개,1인분(보통),6600,2021-07-28
2021-07-04,장안구,개인서비스요금(외식비-한식),불고기,쇠고기 200g(국내산육우) 공기밥 제외,11846,2021-07-28
2021-07-04,장안구,개인서비스요금(외식비-한식),삼겹살(외식),돼지고기 200g(국내산) 공기밥 제외,12060,2021-07-28
2021-07-04,장안구,개인서비스요금(외식비-한식),등심구이(외식),쇠고기 200g(한우 1+) 1인분,38153,2021-07-28
2021-07-04,장안구,개인서비스요금(외식비-한식),돼지갈비(외식),국내산 200g,11633,2021-07-28
2021-07-04,장안구,(외식비-중식),짜장면,중화요리점 1그릇(보통),5850,2021-07-28
2021-07-04,장안구,(외식비-중식),짬뽕,중화요리점 1그릇(보통),7350,2021-07-28
2021-07-04,장안구,(외식비-중식),탕수육,중화요리점 1그릇(중 돼지고기),18200,2021-07-28
2021-07-04,장안구,(외식비-중식),생선초밥,일식집 1인분 활어기준,10694,2021-07-28
2021-07-04,장안구,(외식비-중식),돈까스,돈까스(국내산) 식당 1인분,6467,2021-07-28
2021-07-04,장안구,(외식비-중식),햄버거,전문점 불고기 버거 1개,3738,2021-07-28
2021-07-04,장안구,(외식비-중식),피자,전문점 불고기 피자 기본형(레귤러),12870,2021-07-28
2021-07-04,장안구,(외식비-중식),커피(외식),커피전문점 일반 원두커피 1잔,2850,2021-07-28
2021-07-04,장안구,(외식비-중식),국산차(외식),녹차 1잔,3880,2021-07-28
2021-07-04,장안구,(외식비-중식),치킨,튀김통닭 후라이드,13880,2021-07-28
2021-07-04,장안구,(외식비-중식),칼국수,칼국수 전문점 1그릇,6800,2021-07-28
2021-07-04,장안구,(외식비-중식),조리라면(외식),분식집 1인분,3400,2021-07-28
2021-07-04,장안구,(외식비-중식),김밥,일반김밥 1줄,2220,2021-07-28
2021-07-04,장안구,(세탁업+이미용업+숙박업등),세탁료,신사복 상하 드라이클리닝 1회,6500,2021-07-28
2021-07-04,장안구,(세탁업+이미용업+숙박업등),의복수선료,신사복 하의길의 수단(바지밑단줄임) 1회,3200,2021-07-28
2021-07-04,장안구,(세탁업+이미용업+숙박업등),목욕료,일반 대중탕 성인1회,7286,2021-07-28
2021-07-04,장안구,(세탁업+이미용업+숙박업등),이용료,성인남성이발 중류급 1회,10300,2021-07-28
2021-07-04,장안구,(세탁업+이미용업+숙박업등),미용료(커트),성인여자커트 중류급 1회(주택 아파트단지 등 일반업소),11700,2021-07-28
2021-07-04,장안구,(세탁업+이미용업+숙박업등),미용료(파마),성인여자 기본 중류급 1회(주택 아파트단지 등 일반업소),37000,2021-07-28
2021-07-04,장안구,(세탁업+이미용업+숙박업등),찜질방이용료,성인1회(찜질복 대여료 포함),,2021-07-28
2021-07-04,장안구,(세탁업+이미용업+숙박업등),숙박(호텔),관광호텔 1급 기준 대여료 포함,,2021-07-28
2021-07-04,장안구,(세탁업+이미용업+숙박업등),숙박(여관),갑류 독방 1박 욕실부설 1일,34167,2021-07-28
2021-07-04,장안구,(세탁업+이미용업+숙박업등),콘도이용료,약 82.65㎡ 회원기준 1일 사용기준,,2021-07-28
2021-07-04,장안구,개인서비스요금(기타),영화관람료,주중 상영시간 1매(입장세 및 문예진흥기금 포함),12500,2021-07-28
2021-07-04,장안구,개인서비스요금(기타),수영장이용료,성인일반 입장료(체육기금포함) 1회,,2021-07-28
2021-07-04,장안구,개인서비스요금(기타),볼링장이용료,일반인 평일 오후시간(신발제외) 1시간,4167,2021-07-28
2021-07-04,장안구,개인서비스요금(기타),골프연습장이용료,초급반(남자) 회비 레슨비(진흥기금 포함 의복 및 신발제외) 1개월,270000,2021-07-28
2021-07-04,장안구,개인서비스요금(기타),노래방이용료,일반인 저녁시간대 일반실 1시간,23000,2021-07-28
2021-07-04,장안구,개인서비스요금(기타),당구장이용료,쿠션 당구대 일반인 저녁시간 1시간,8800,2021-07-28
2021-07-04,장안구,개인서비스요금(기타),운동경기관람료,성인 경기입장료(축구 야구 등) 1회,12000,2021-07-28
2021-07-04,장안구,개인서비스요금(기타),PC방 이용료,기본시간 1회,1100,2021-07-28
2021-07-04,장안구,개인서비스요금(기타),택배수수료,무게 20kg이하 타지역 1개,7444,2021-07-28
2021-07-04,장안구,개인서비스요금(기타),사진촬영료,반명함판 컬러 3*4㎝ 1조(8매),16500,2021-07-28
2021-07-04,장안구,개인서비스요금(기타),사진인화료,디지털 사진인화요금(현상료 포함) 1매,538,2021-07-28
2021-07-04,장안구,개인서비스요금(기타),공동주택관리비,아파트 개별부담금 제외한 전금액,124924,2021-07-28
2021-07-04,장안구,생필품 요금(농산물 8),사과,상품 1개,2289,2021-07-28
2021-07-04,장안구,생필품 요금(농산물 8),배,상품 1개,5333,2021-07-28
2021-07-04,장안구,생필품 요금(농산물 8),배추,2kg(중간크기) 1포기,3277,2021-07-28
2021-07-04,장안구,생필품 요금(농산물 8),무,1kg 잎 없는것,1541,2021-07-28
2021-07-04,장안구,생필품 요금(농산물 8),양파,작은망(까지않은것 1.5kg) 1망,2732,2021-07-28
2021-07-04,장안구,생필품 요금(농산물 8),상추,적상추 100g,1342,2021-07-28
2021-07-04,장안구,생필품 요금(농산물 8),오이,다다기오이 1개,600,2021-07-28
2021-07-04,장안구,생필품 요금(농산물 8),호박,애호박(중) 1개,1161,2021-07-28
2021-07-04,장안구,축산물(4),쇠고기,한우불고기(1등급) 600g,29240,2021-07-28
2021-07-04,장안구,축산물(4),돼지고기,생삼겹살(국내산) 600g,17121,2021-07-28
2021-07-04,장안구,축산물(4),닭고기,육계(국내산) 1마리(1kg),6482,2021-07-28
2021-07-04,장안구,축산물(4),달걀,10개입 1판 10개,4247,2021-07-28
2021-07-04,장안구,수산물(4),갈치,생물(60cm) 1마리,7389,2021-07-28
2021-07-04,장안구,수산물(4),동태,냉동 1kg 1마리,3426,2021-07-28
2021-07-04,장안구,수산물(4),오징어,물오징어(생물) 25cm 1마리,4096,2021-07-28
2021-07-04,장안구,수산물(4),고등어,자반고등어 30cm 1마리,3029,2021-07-28
2021-07-04,권선구,개인서비스요금(외식비-한식),설렁탕,1인분(보통),8857,2021-07-28
2021-07-04,권선구,개인서비스요금(외식비-한식),냉면,물냉면 1인분(보통),6850,2021-07-28
2021-07-04,권선구,개인서비스요금(외식비-한식),비빕밥,1인분(보통),6100,2021-07-28
2021-07-04,권선구,개인서비스요금(외식비-한식),갈비탕,1인분(보통),11290,2021-07-28
2021-07-04,권선구,개인서비스요금(외식비-한식),삼계탕,닭 1마리 1인분(보통),14000,2021-07-28
2021-07-04,권선구,개인서비스요금(외식비-한식),김치찌개,1인분(보통),6900,2021-07-28
2021-07-04,권선구,개인서비스요금(외식비-한식),된장찌개,1인분(보통),6650,2021-07-28
2021-07-04,권선구,개인서비스요금(외식비-한식),불고기,쇠고기 200g(국내산육우) 공기밥 제외,12475,2021-07-28
2021-07-04,권선구,개인서비스요금(외식비-한식),삼겹살(외식),돼지고기 200g(국내산) 공기밥 제외,12380,2021-07-28
2021-07-04,권선구,개인서비스요금(외식비-한식),등심구이(외식),쇠고기 200g(한우 1+) 1인분,34580,2021-07-28
2021-07-04,권선구,개인서비스요금(외식비-한식),돼지갈비(외식),국내산 200g,11410,2021-07-28
2021-07-04,권선구,(외식비-중식),짜장면,중화요리점 1그릇(보통),5500,2021-07-28
2021-07-04,권선구,(외식비-중식),짬뽕,중화요리점 1그릇(보통),6850,2021-07-28
2021-07-04,권선구,(외식비-중식),탕수육,중화요리점 1그릇(중 돼지고기),20300,2021-07-28
2021-07-04,권선구,(외식비-중식),생선초밥,일식집 1인분 활어기준,14250,2021-07-28
2021-07-04,권선구,(외식비-중식),돈까스,돈까스(국내산) 식당 1인분,7810,2021-07-28
2021-07-04,권선구,(외식비-중식),햄버거,전문점 불고기 버거 1개,3400,2021-07-28
2021-07-04,권선구,(외식비-중식),피자,전문점 불고기 피자 기본형(레귤러),13700,2021-07-28
2021-07-04,권선구,(외식비-중식),커피(외식),커피전문점 일반 원두커피 1잔,3270,2021-07-28
2021-07-04,권선구,(외식비-중식),국산차(외식),녹차 1잔,4150,2021-07-28
2021-07-04,권선구,(외식비-중식),치킨,튀김통닭 후라이드,14800,2021-07-28
2021-07-04,권선구,(외식비-중식),칼국수,칼국수 전문점 1그릇,5650,2021-07-28
2021-07-04,권선구,(외식비-중식),조리라면(외식),분식집 1인분,3400,2021-07-28
2021-07-04,권선구,(외식비-중식),김밥,일반김밥 1줄,2430,2021-07-28
2021-07-04,권선구,(세탁업+이미용업+숙박업등),세탁료,신사복 상하 드라이클리닝 1회,6510,2021-07-28
2021-07-04,권선구,(세탁업+이미용업+숙박업등),의복수선료,신사복 하의길의 수단(바지밑단줄임) 1회,3600,2021-07-28
2021-07-04,권선구,(세탁업+이미용업+숙박업등),목욕료,일반 대중탕 성인1회,6875,2021-07-28
2021-07-04,권선구,(세탁업+이미용업+숙박업등),이용료,성인남성이발 중류급 1회,10500,2021-07-28
2021-07-04,권선구,(세탁업+이미용업+숙박업등),미용료(커트),성인여자커트 중류급 1회(주택 아파트단지 등 일반업소),12100,2021-07-28
2021-07-04,권선구,(세탁업+이미용업+숙박업등),미용료(파마),성인여자 기본 중류급 1회(주택 아파트단지 등 일반업소),38800,2021-07-28
2021-07-04,권선구,(세탁업+이미용업+숙박업등),찜질방이용료,성인1회(찜질복 대여료 포함),8500,2021-07-28
2021-07-04,권선구,(세탁업+이미용업+숙박업등),숙박(호텔),관광호텔 1급 기준 대여료 포함,70000,2021-07-28
2021-07-04,권선구,(세탁업+이미용업+숙박업등),숙박(여관),갑류 독방 1박 욕실부설 1일,46667,2021-07-28
2021-07-04,권선구,(세탁업+이미용업+숙박업등),콘도이용료,약 82.65㎡ 회원기준 1일 사용기준,,2021-07-28
2021-07-04,권선구,개인서비스요금(기타),영화관람료,주중 상영시간 1매(입장세 및 문예진흥기금 포함),10500,2021-07-28
2021-07-04,권선구,개인서비스요금(기타),수영장이용료,성인일반 입장료(체육기금포함) 1회,3833,2021-07-28
2021-07-04,권선구,개인서비스요금(기타),볼링장이용료,일반인 평일 오후시간(신발제외) 1시간,4725,2021-07-28
2021-07-04,권선구,개인서비스요금(기타),골프연습장이용료,초급반(남자) 회비 레슨비(진흥기금 포함 의복 및 신발제외) 1개월,190000,2021-07-28
2021-07-04,권선구,개인서비스요금(기타),노래방이용료,일반인 저녁시간대 일반실 1시간,25000,2021-07-28
2021-07-04,권선구,개인서비스요금(기타),당구장이용료,쿠션 당구대 일반인 저녁시간 1시간,9460,2021-07-28
2021-07-04,권선구,개인서비스요금(기타),운동경기관람료,성인 경기입장료(축구 야구 등) 1회,,2021-07-28
2021-07-04,권선구,개인서비스요금(기타),PC방 이용료,기본시간 1회,1090,2021-07-28
2021-07-04,권선구,개인서비스요금(기타),택배수수료,무게 20kg이하 타지역 1개,7530,2021-07-28
2021-07-04,권선구,개인서비스요금(기타),사진촬영료,반명함판 컬러 3*4㎝ 1조(8매),16444,2021-07-28
2021-07-04,권선구,개인서비스요금(기타),사진인화료,디지털 사진인화요금(현상료 포함) 1매,417,2021-07-28
2021-07-04,권선구,개인서비스요금(기타),공동주택관리비,아파트 개별부담금 제외한 전금액,144514,2021-07-28
2021-07-04,권선구,생필품 요금(농산물 8),사과,상품 1개,2886,2021-07-28
2021-07-04,권선구,생필품 요금(농산물 8),배,상품 1개,5037,2021-07-28
2021-07-04,권선구,생필품 요금(농산물 8),배추,2kg(중간크기) 1포기,3250,2021-07-28
2021-07-04,권선구,생필품 요금(농산물 8),무,1kg 잎 없는것,1406,2021-07-28
2021-07-04,권선구,생필품 요금(농산물 8),양파,작은망(까지않은것 1.5kg) 1망,2452,2021-07-28
2021-07-04,권선구,생필품 요금(농산물 8),상추,적상추 100g,1118,2021-07-28
2021-07-04,권선구,생필품 요금(농산물 8),오이,다다기오이 1개,634,2021-07-28
2021-07-04,권선구,생필품 요금(농산물 8),호박,애호박(중) 1개,1442,2021-07-28
2021-07-04,권선구,축산물(4),쇠고기,한우불고기(1등급) 600g,29156,2021-07-28
2021-07-04,권선구,축산물(4),돼지고기,생삼겹살(국내산) 600g,16584,2021-07-28
2021-07-04,권선구,축산물(4),닭고기,육계(국내산) 1마리(1kg),6350,2021-07-28
2021-07-04,권선구,축산물(4),달걀,10개입 1판 10개,4257,2021-07-28
2021-07-04,권선구,수산물(4),갈치,생물(60cm) 1마리,9620,2021-07-28
2021-07-04,권선구,수산물(4),동태,냉동 1kg 1마리,2962,2021-07-28
2021-07-04,권선구,수산물(4),오징어,물오징어(생물) 25cm 1마리,3288,2021-07-28
2021-07-04,권선구,수산물(4),고등어,자반고등어 30cm 1마리,3403,2021-07-28
2021-07-04,팔달구,개인서비스요금(외식비-한식),설렁탕,1인분(보통),8438,2021-07-28
2021-07-04,팔달구,개인서비스요금(외식비-한식),냉면,물냉면 1인분(보통),7333,2021-07-28
2021-07-04,팔달구,개인서비스요금(외식비-한식),비빕밥,1인분(보통),7000,2021-07-28
2021-07-04,팔달구,개인서비스요금(외식비-한식),갈비탕,1인분(보통),9778,2021-07-28
2021-07-04,팔달구,개인서비스요금(외식비-한식),삼계탕,닭 1마리 1인분(보통),13111,2021-07-28
2021-07-04,팔달구,개인서비스요금(외식비-한식),김치찌개,1인분(보통),6944,2021-07-28
2021-07-04,팔달구,개인서비스요금(외식비-한식),된장찌개,1인분(보통),6111,2021-07-28
2021-07-04,팔달구,개인서비스요금(외식비-한식),불고기,쇠고기 200g(국내산육우) 공기밥 제외,13167,2021-07-28
2021-07-04,팔달구,개인서비스요금(외식비-한식),삼겹살(외식),돼지고기 200g(국내산) 공기밥 제외,12889,2021-07-28
2021-07-04,팔달구,개인서비스요금(외식비-한식),등심구이(외식),쇠고기 200g(한우 1+) 1인분,39250,2021-07-28
2021-07-04,팔달구,개인서비스요금(외식비-한식),돼지갈비(외식),국내산 200g,12033,2021-07-28
2021-07-04,팔달구,(외식비-중식),짜장면,중화요리점 1그릇(보통),5667,2021-07-28
2021-07-04,팔달구,(외식비-중식),짬뽕,중화요리점 1그릇(보통),7056,2021-07-28
2021-07-04,팔달구,(외식비-중식),탕수육,중화요리점 1그릇(중 돼지고기),19000,2021-07-28
2021-07-04,팔달구,(외식비-중식),생선초밥,일식집 1인분 활어기준,15650,2021-07-28
2021-07-04,팔달구,(외식비-중식),돈까스,돈까스(국내산) 식당 1인분,8000,2021-07-28
2021-07-04,팔달구,(외식비-중식),햄버거,전문점 불고기 버거 1개,3940,2021-07-28
2021-07-04,팔달구,(외식비-중식),피자,전문점 불고기 피자 기본형(레귤러),14391,2021-07-28
2021-07-04,팔달구,(외식비-중식),커피(외식),커피전문점 일반 원두커피 1잔,3456,2021-07-28
2021-07-04,팔달구,(외식비-중식),국산차(외식),녹차 1잔,3533,2021-07-28
2021-07-04,팔달구,(외식비-중식),치킨,튀김통닭 후라이드,15444,2021-07-28
2021-07-04,팔달구,(외식비-중식),칼국수,칼국수 전문점 1그릇,5889,2021-07-28
2021-07-04,팔달구,(외식비-중식),조리라면(외식),분식집 1인분,3438,2021-07-28
2021-07-04,팔달구,(외식비-중식),김밥,일반김밥 1줄,2478,2021-07-28
2021-07-04,팔달구,(세탁업+이미용업+숙박업등),세탁료,신사복 상하 드라이클리닝 1회,7000,2021-07-28
2021-07-04,팔달구,(세탁업+이미용업+숙박업등),의복수선료,신사복 하의길의 수단(바지밑단줄임) 1회,4000,2021-07-28
2021-07-04,팔달구,(세탁업+이미용업+숙박업등),목욕료,일반 대중탕 성인1회,7500,2021-07-28
2021-07-04,팔달구,(세탁업+이미용업+숙박업등),이용료,성인남성이발 중류급 1회,10111,2021-07-28
2021-07-04,팔달구,(세탁업+이미용업+숙박업등),미용료(커트),성인여자커트 중류급 1회(주택 아파트단지 등 일반업소),13000,2021-07-28
2021-07-04,팔달구,(세탁업+이미용업+숙박업등),미용료(파마),성인여자 기본 중류급 1회(주택 아파트단지 등 일반업소),41667,2021-07-28
2021-07-04,팔달구,(세탁업+이미용업+숙박업등),찜질방이용료,성인1회(찜질복 대여료 포함),9000,2021-07-28
2021-07-04,팔달구,(세탁업+이미용업+숙박업등),숙박(호텔),관광호텔 1급 기준 대여료 포함,174000,2021-07-28
2021-07-04,팔달구,(세탁업+이미용업+숙박업등),숙박(여관),갑류 독방 1박 욕실부설 1일,24167,2021-07-28
2021-07-04,팔달구,(세탁업+이미용업+숙박업등),콘도이용료,약 82.65㎡ 회원기준 1일 사용기준,,2021-07-28
2021-07-04,팔달구,개인서비스요금(기타),영화관람료,주중 상영시간 1매(입장세 및 문예진흥기금 포함),12000,2021-07-28
2021-07-04,팔달구,개인서비스요금(기타),수영장이용료,성인일반 입장료(체육기금포함) 1회,8000,2021-07-28
2021-07-04,팔달구,개인서비스요금(기타),볼링장이용료,일반인 평일 오후시간(신발제외) 1시간,4100,2021-07-28
2021-07-04,팔달구,개인서비스요금(기타),골프연습장이용료,초급반(남자) 회비 레슨비(진흥기금 포함 의복 및 신발제외) 1개월,156667,2021-07-28
2021-07-04,팔달구,개인서비스요금(기타),노래방이용료,일반인 저녁시간대 일반실 1시간,17556,2021-07-28
2021-07-04,팔달구,개인서비스요금(기타),당구장이용료,쿠션 당구대 일반인 저녁시간 1시간,7457,2021-07-28
2021-07-04,팔달구,개인서비스요금(기타),운동경기관람료,성인 경기입장료(축구 야구 등) 1회,14000,2021-07-28
2021-07-04,팔달구,개인서비스요금(기타),PC방 이용료,기본시간 1회,1056,2021-07-28
2021-07-04,팔달구,개인서비스요금(기타),택배수수료,무게 20kg이하 타지역 1개,7214,2021-07-28
2021-07-04,팔달구,개인서비스요금(기타),사진촬영료,반명함판 컬러 3*4㎝ 1조(8매),17625,2021-07-28
2021-07-04,팔달구,개인서비스요금(기타),사진인화료,디지털 사진인화요금(현상료 포함) 1매,513,2021-07-28
2021-07-04,팔달구,개인서비스요금(기타),공동주택관리비,아파트 개별부담금 제외한 전금액,88209,2021-07-28
2021-07-04,팔달구,생필품 요금(농산물 8),사과,상품 1개,3671,2021-07-28
2021-07-04,팔달구,생필품 요금(농산물 8),배,상품 1개,5193,2021-07-28
2021-07-04,팔달구,생필품 요금(농산물 8),배추,2kg(중간크기) 1포기,3299,2021-07-28
2021-07-04,팔달구,생필품 요금(농산물 8),무,1kg 잎 없는것,1713,2021-07-28
2021-07-04,팔달구,생필품 요금(농산물 8),양파,작은망(까지않은것 1.5kg) 1망,2922,2021-07-28
2021-07-04,팔달구,생필품 요금(농산물 8),상추,적상추 100g,1437,2021-07-28
2021-07-04,팔달구,생필품 요금(농산물 8),오이,다다기오이 1개,661,2021-07-28
2021-07-04,팔달구,생필품 요금(농산물 8),호박,애호박(중) 1개,1364,2021-07-28
2021-07-04,팔달구,축산물(4),쇠고기,한우불고기(1등급) 600g,29389,2021-07-28
2021-07-04,팔달구,축산물(4),돼지고기,생삼겹살(국내산) 600g,16230,2021-07-28
2021-07-04,팔달구,축산물(4),닭고기,육계(국내산) 1마리(1kg),6699,2021-07-28
2021-07-04,팔달구,축산물(4),달걀,10개입 1판 10개,4696,2021-07-28
2021-07-04,팔달구,수산물(4),갈치,생물(60cm) 1마리,10669,2021-07-28
2021-07-04,팔달구,수산물(4),동태,냉동 1kg 1마리,3762,2021-07-28
2021-07-04,팔달구,수산물(4),오징어,물오징어(생물) 25cm 1마리,3789,2021-07-28
2021-07-04,팔달구,수산물(4),고등어,자반고등어 30cm 1마리,2960,2021-07-28
2021-07-04,영통구,개인서비스요금(외식비-한식),설렁탕,1인분(보통),8611,2021-07-28
2021-07-04,영통구,개인서비스요금(외식비-한식),냉면,물냉면 1인분(보통),6800,2021-07-28
2021-07-04,영통구,개인서비스요금(외식비-한식),비빕밥,1인분(보통),6900,2021-07-28
2021-07-04,영통구,개인서비스요금(외식비-한식),갈비탕,1인분(보통),10556,2021-07-28
2021-07-04,영통구,개인서비스요금(외식비-한식),삼계탕,닭 1마리 1인분(보통),12889,2021-07-28
2021-07-04,영통구,개인서비스요금(외식비-한식),김치찌개,1인분(보통),7000,2021-07-28
2021-07-04,영통구,개인서비스요금(외식비-한식),된장찌개,1인분(보통),6500,2021-07-28
2021-07-04,영통구,개인서비스요금(외식비-한식),불고기,쇠고기 200g(국내산육우) 공기밥 제외,12800,2021-07-28
2021-07-04,영통구,개인서비스요금(외식비-한식),삼겹살(외식),돼지고기 200g(국내산) 공기밥 제외,13007,2021-07-28
2021-07-04,영통구,개인서비스요금(외식비-한식),등심구이(외식),쇠고기 200g(한우 1+) 1인분,33470,2021-07-28
2021-07-04,영통구,개인서비스요금(외식비-한식),돼지갈비(외식),국내산 200g,13792,2021-07-28
2021-07-04,영통구,(외식비-중식),짜장면,중화요리점 1그릇(보통),9500,2021-07-28
2021-07-04,영통구,(외식비-중식),짬뽕,중화요리점 1그릇(보통),7250,2021-07-28
2021-07-04,영통구,(외식비-중식),탕수육,중화요리점 1그릇(중 돼지고기),19500,2021-07-28
2021-07-04,영통구,(외식비-중식),생선초밥,일식집 1인분 활어기준,14400,2021-07-28
2021-07-04,영통구,(외식비-중식),돈까스,돈까스(국내산) 식당 1인분,7930,2021-07-28
2021-07-04,영통구,(외식비-중식),햄버거,전문점 불고기 버거 1개,3625,2021-07-28
2021-07-04,영통구,(외식비-중식),피자,전문점 불고기 피자 기본형(레귤러),17300,2021-07-28
2021-07-04,영통구,(외식비-중식),커피(외식),커피전문점 일반 원두커피 1잔,3450,2021-07-28
2021-07-04,영통구,(외식비-중식),국산차(외식),녹차 1잔,3838,2021-07-28
2021-07-04,영통구,(외식비-중식),치킨,튀김통닭 후라이드,14150,2021-07-28
2021-07-04,영통구,(외식비-중식),칼국수,칼국수 전문점 1그릇,6833,2021-07-28
2021-07-04,영통구,(외식비-중식),조리라면(외식),분식집 1인분,3050,2021-07-28
2021-07-04,영통구,(외식비-중식),김밥,일반김밥 1줄,2450,2021-07-28
2021-07-04,영통구,(세탁업+이미용업+숙박업등),세탁료,신사복 상하 드라이클리닝 1회,7710,2021-07-28
2021-07-04,영통구,(세탁업+이미용업+숙박업등),의복수선료,신사복 하의길의 수단(바지밑단줄임) 1회,3900,2021-07-28
2021-07-04,영통구,(세탁업+이미용업+숙박업등),목욕료,일반 대중탕 성인1회,7250,2021-07-28
2021-07-04,영통구,(세탁업+이미용업+숙박업등),이용료,성인남성이발 중류급 1회,11400,2021-07-28
2021-07-04,영통구,(세탁업+이미용업+숙박업등),미용료(커트),성인여자커트 중류급 1회(주택 아파트단지 등 일반업소),16600,2021-07-28
2021-07-04,영통구,(세탁업+이미용업+숙박업등),미용료(파마),성인여자 기본 중류급 1회(주택 아파트단지 등 일반업소),52000,2021-07-28
2021-07-04,영통구,(세탁업+이미용업+숙박업등),찜질방이용료,성인1회(찜질복 대여료 포함),9000,2021-07-28
2021-07-04,영통구,(세탁업+이미용업+숙박업등),숙박(호텔),관광호텔 1급 기준 대여료 포함,79000,2021-07-28
2021-07-04,영통구,(세탁업+이미용업+숙박업등),숙박(여관),갑류 독방 1박 욕실부설 1일,45000,2021-07-28
2021-07-04,영통구,(세탁업+이미용업+숙박업등),콘도이용료,약 82.65㎡ 회원기준 1일 사용기준,,2021-07-28
2021-07-04,영통구,개인서비스요금(기타),영화관람료,주중 상영시간 1매(입장세 및 문예진흥기금 포함),13000,2021-07-28
2021-07-04,영통구,개인서비스요금(기타),수영장이용료,성인일반 입장료(체육기금포함) 1회,4000,2021-07-28
2021-07-04,영통구,개인서비스요금(기타),볼링장이용료,일반인 평일 오후시간(신발제외) 1시간,5600,2021-07-28
2021-07-04,영통구,개인서비스요금(기타),골프연습장이용료,초급반(남자) 회비 레슨비(진흥기금 포함 의복 및 신발제외) 1개월,143333,2021-07-28
2021-07-04,영통구,개인서비스요금(기타),노래방이용료,일반인 저녁시간대 일반실 1시간,23750,2021-07-28
2021-07-04,영통구,개인서비스요금(기타),당구장이용료,쿠션 당구대 일반인 저녁시간 1시간,10125,2021-07-28
2021-07-04,영통구,개인서비스요금(기타),운동경기관람료,성인 경기입장료(축구 야구 등) 1회,,2021-07-28
2021-07-04,영통구,개인서비스요금(기타),PC방 이용료,기본시간 1회,1038,2021-07-28
2021-07-04,영통구,개인서비스요금(기타),택배수수료,무게 20kg이하 타지역 1개,7650,2021-07-28
2021-07-04,영통구,개인서비스요금(기타),사진촬영료,반명함판 컬러 3*4㎝ 1조(8매),19284,2021-07-28
2021-07-04,영통구,개인서비스요금(기타),사진인화료,디지털 사진인화요금(현상료 포함) 1매,533,2021-07-28
2021-07-04,영통구,개인서비스요금(기타),공동주택관리비,아파트 개별부담금 제외한 전금액,138247,2021-07-28
2021-07-04,영통구,생필품 요금(농산물 8),사과,상품 1개,2453,2021-07-28
2021-07-04,영통구,생필품 요금(농산물 8),배,상품 1개,4774,2021-07-28
2021-07-04,영통구,생필품 요금(농산물 8),배추,2kg(중간크기) 1포기,3217,2021-07-28
2021-07-04,영통구,생필품 요금(농산물 8),무,1kg 잎 없는것,1545,2021-07-28
2021-07-04,영통구,생필품 요금(농산물 8),양파,작은망(까지않은것 1.5kg) 1망,2949,2021-07-28
2021-07-04,영통구,생필품 요금(농산물 8),상추,적상추 100g,1652,2021-07-28
2021-07-04,영통구,생필품 요금(농산물 8),오이,다다기오이 1개,736,2021-07-28
2021-07-04,영통구,생필품 요금(농산물 8),호박,애호박(중) 1개,1341,2021-07-28
2021-07-04,영통구,축산물(4),쇠고기,한우불고기(1등급) 600g,30792,2021-07-28
2021-07-04,영통구,축산물(4),돼지고기,생삼겹살(국내산) 600g,16516,2021-07-28
2021-07-04,영통구,축산물(4),닭고기,육계(국내산) 1마리(1kg),6750,2021-07-28
2021-07-04,영통구,축산물(4),달걀,10개입 1판 10개,3982,2021-07-28
2021-07-04,영통구,수산물(4),갈치,생물(60cm) 1마리,7141,2021-07-28
2021-07-04,영통구,수산물(4),동태,냉동 1kg 1마리,3972,2021-07-28
2021-07-04,영통구,수산물(4),오징어,물오징어(생물) 25cm 1마리,3923,2021-07-28
2021-07-04,영통구,수산물(4),고등어,자반고등어 30cm 1마리,3710,2021-07-28
2021-07-14,장안구,개인서비스요금(외식비-한식),설렁탕,1인분(보통),7000,2021-07-28
2021-07-14,장안구,개인서비스요금(외식비-한식),냉면,물냉면 1인분(보통),6150,2021-07-28
2021-07-14,장안구,개인서비스요금(외식비-한식),비빕밥,1인분(보통),6000,2021-07-28
2021-07-14,장안구,개인서비스요금(외식비-한식),갈비탕,1인분(보통),9444,2021-07-28
2021-07-14,장안구,개인서비스요금(외식비-한식),삼계탕,닭 1마리 1인분(보통),12667,2021-07-28
2021-07-14,장안구,개인서비스요금(외식비-한식),김치찌개,1인분(보통),6500,2021-07-28
2021-07-14,장안구,개인서비스요금(외식비-한식),된장찌개,1인분(보통),6400,2021-07-28
2021-07-14,장안구,개인서비스요금(외식비-한식),불고기,쇠고기 200g(국내산육우) 공기밥 제외,10000,2021-07-28
2021-07-14,장안구,개인서비스요금(외식비-한식),삼겹살(외식),돼지고기 200g(국내산) 공기밥 제외,12670,2021-07-28
2021-07-14,장안구,개인서비스요금(외식비-한식),등심구이(외식),쇠고기 200g(한우 1+) 1인분,37966,2021-07-28
2021-07-14,장안구,개인서비스요금(외식비-한식),돼지갈비(외식),국내산 200g,12930,2021-07-28
2021-07-14,장안구,(외식비-중식),짜장면,중화요리점 1그릇(보통),5200,2021-07-28
2021-07-14,장안구,(외식비-중식),짬뽕,중화요리점 1그릇(보통),6600,2021-07-28
2021-07-14,장안구,(외식비-중식),탕수육,중화요리점 1그릇(중 돼지고기),18700,2021-07-28
2021-07-14,장안구,(외식비-중식),생선초밥,일식집 1인분 활어기준,10080,2021-07-28
2021-07-14,장안구,(외식비-중식),돈까스,돈까스(국내산) 식당 1인분,7010,2021-07-28
2021-07-14,장안구,(외식비-중식),햄버거,전문점 불고기 버거 1개,3325,2021-07-28
2021-07-14,장안구,(외식비-중식),피자,전문점 불고기 피자 기본형(레귤러),13313,2021-07-28
2021-07-14,장안구,(외식비-중식),커피(외식),커피전문점 일반 원두커피 1잔,2890,2021-07-28
2021-07-14,장안구,(외식비-중식),국산차(외식),녹차 1잔,4100,2021-07-28
2021-07-14,장안구,(외식비-중식),치킨,튀김통닭 후라이드,15444,2021-07-28
2021-07-14,장안구,(외식비-중식),칼국수,칼국수 전문점 1그릇,6300,2021-07-28
2021-07-14,장안구,(외식비-중식),조리라면(외식),분식집 1인분,3350,2021-07-28
2021-07-14,장안구,(외식비-중식),김밥,일반김밥 1줄,2400,2021-07-28
2021-07-14,장안구,(세탁업+이미용업+숙박업등),세탁료,신사복 상하 드라이클리닝 1회,6300,2021-07-28
2021-07-14,장안구,(세탁업+이미용업+숙박업등),의복수선료,신사복 하의길의 수단(바지밑단줄임) 1회,3700,2021-07-28
2021-07-14,장안구,(세탁업+이미용업+숙박업등),목욕료,일반 대중탕 성인1회,6667,2021-07-28
2021-07-14,장안구,(세탁업+이미용업+숙박업등),이용료,성인남성이발 중류급 1회,10000,2021-07-28
2021-07-14,장안구,(세탁업+이미용업+숙박업등),미용료(커트),성인여자커트 중류급 1회(주택 아파트단지 등 일반업소),12300,2021-07-28
2021-07-14,장안구,(세탁업+이미용업+숙박업등),미용료(파마),성인여자 기본 중류급 1회(주택 아파트단지 등 일반업소),37000,2021-07-28
2021-07-14,장안구,(세탁업+이미용업+숙박업등),찜질방이용료,성인1회(찜질복 대여료 포함),,2021-07-28
2021-07-14,장안구,(세탁업+이미용업+숙박업등),숙박(호텔),관광호텔 1급 기준 대여료 포함,,2021-07-28
2021-07-14,장안구,(세탁업+이미용업+숙박업등),숙박(여관),갑류 독방 1박 욕실부설 1일,36000,2021-07-28
2021-07-14,장안구,(세탁업+이미용업+숙박업등),콘도이용료,약 82.65㎡ 회원기준 1일 사용기준,,2021-07-28
2021-07-14,장안구,개인서비스요금(기타),영화관람료,주중 상영시간 1매(입장세 및 문예진흥기금 포함),12500,2021-07-28
2021-07-14,장안구,개인서비스요금(기타),수영장이용료,성인일반 입장료(체육기금포함) 1회,,2021-07-28
2021-07-14,장안구,개인서비스요금(기타),볼링장이용료,일반인 평일 오후시간(신발제외) 1시간,4167,2021-07-28
2021-07-14,장안구,개인서비스요금(기타),골프연습장이용료,초급반(남자) 회비 레슨비(진흥기금 포함 의복 및 신발제외) 1개월,265000,2021-07-28
2021-07-14,장안구,개인서비스요금(기타),노래방이용료,일반인 저녁시간대 일반실 1시간,24000,2021-07-28
2021-07-14,장안구,개인서비스요금(기타),당구장이용료,쿠션 당구대 일반인 저녁시간 1시간,9020,2021-07-28
2021-07-14,장안구,개인서비스요금(기타),운동경기관람료,성인 경기입장료(축구 야구 등) 1회,12000,2021-07-28
2021-07-14,장안구,개인서비스요금(기타),PC방 이용료,기본시간 1회,1070,2021-07-28
2021-07-14,장안구,개인서비스요금(기타),택배수수료,무게 20kg이하 타지역 1개,7000,2021-07-28
2021-07-14,장안구,개인서비스요금(기타),사진촬영료,반명함판 컬러 3*4㎝ 1조(8매),16500,2021-07-28
2021-07-14,장안구,개인서비스요금(기타),사진인화료,디지털 사진인화요금(현상료 포함) 1매,500,2021-07-28
2021-07-14,장안구,개인서비스요금(기타),공동주택관리비,아파트 개별부담금 제외한 전금액,107702,2021-07-28
2021-07-14,장안구,생필품 요금(농산물 8),사과,상품 1개,2531,2021-07-28
2021-07-14,장안구,생필품 요금(농산물 8),배,상품 1개,4921,2021-07-28
2021-07-14,장안구,생필품 요금(농산물 8),배추,2kg(중간크기) 1포기,3229,2021-07-28
2021-07-14,장안구,생필품 요금(농산물 8),무,1kg 잎 없는것,1702,2021-07-28
2021-07-14,장안구,생필품 요금(농산물 8),양파,작은망(까지않은것 1.5kg) 1망,2712,2021-07-28
2021-07-14,장안구,생필품 요금(농산물 8),상추,적상추 100g,1293,2021-07-28
2021-07-14,장안구,생필품 요금(농산물 8),오이,다다기오이 1개,639,2021-07-28
2021-07-14,장안구,생필품 요금(농산물 8),호박,애호박(중) 1개,969,2021-07-28
2021-07-14,장안구,축산물(4),쇠고기,한우불고기(1등급) 600g,29156,2021-07-28
2021-07-14,장안구,축산물(4),돼지고기,생삼겹살(국내산) 600g,16102,2021-07-28
2021-07-14,장안구,축산물(4),닭고기,육계(국내산) 1마리(1kg),7238,2021-07-28
2021-07-14,장안구,축산물(4),달걀,10개입 1판 10개,4058,2021-07-28
2021-07-14,장안구,수산물(4),갈치,생물(60cm) 1마리,6306,2021-07-28
2021-07-14,장안구,수산물(4),동태,냉동 1kg 1마리,3381,2021-07-28
2021-07-14,장안구,수산물(4),오징어,물오징어(생물) 25cm 1마리,4487,2021-07-28
2021-07-14,장안구,수산물(4),고등어,자반고등어 30cm 1마리,3092,2021-07-28
2021-07-14,권선구,개인서비스요금(외식비-한식),설렁탕,1인분(보통),8438,2021-07-28
2021-07-14,권선구,개인서비스요금(외식비-한식),냉면,물냉면 1인분(보통),6540,2021-07-28
2021-07-14,권선구,개인서비스요금(외식비-한식),비빕밥,1인분(보통),7000,2021-07-28
2021-07-14,권선구,개인서비스요금(외식비-한식),갈비탕,1인분(보통),10890,2021-07-28
2021-07-14,권선구,개인서비스요금(외식비-한식),삼계탕,닭 1마리 1인분(보통),13667,2021-07-28
2021-07-14,권선구,개인서비스요금(외식비-한식),김치찌개,1인분(보통),6750,2021-07-28
2021-07-14,권선구,개인서비스요금(외식비-한식),된장찌개,1인분(보통),6850,2021-07-28
2021-07-14,권선구,개인서비스요금(외식비-한식),불고기,쇠고기 200g(국내산육우) 공기밥 제외,13433,2021-07-28
2021-07-14,권선구,개인서비스요금(외식비-한식),삼겹살(외식),돼지고기 200g(국내산) 공기밥 제외,13500,2021-07-28
2021-07-14,권선구,개인서비스요금(외식비-한식),등심구이(외식),쇠고기 200g(한우 1+) 1인분,34100,2021-07-28
2021-07-14,권선구,개인서비스요금(외식비-한식),돼지갈비(외식),국내산 200g,11790,2021-07-28
2021-07-14,권선구,(외식비-중식),짜장면,중화요리점 1그릇(보통),5400,2021-07-28
2021-07-14,권선구,(외식비-중식),짬뽕,중화요리점 1그릇(보통),6950,2021-07-28
2021-07-14,권선구,(외식비-중식),탕수육,중화요리점 1그릇(중 돼지고기),20700,2021-07-28
2021-07-14,권선구,(외식비-중식),생선초밥,일식집 1인분 활어기준,14738,2021-07-28
2021-07-14,권선구,(외식비-중식),돈까스,돈까스(국내산) 식당 1인분,6730,2021-07-28
2021-07-14,권선구,(외식비-중식),햄버거,전문점 불고기 버거 1개,3510,2021-07-28
2021-07-14,권선구,(외식비-중식),피자,전문점 불고기 피자 기본형(레귤러),12220,2021-07-28
2021-07-14,권선구,(외식비-중식),커피(외식),커피전문점 일반 원두커피 1잔,3070,2021-07-28
2021-07-14,권선구,(외식비-중식),국산차(외식),녹차 1잔,3600,2021-07-28
2021-07-14,권선구,(외식비-중식),치킨,튀김통닭 후라이드,14090,2021-07-28
2021-07-14,권선구,(외식비-중식),칼국수,칼국수 전문점 1그릇,6250,2021-07-28
2021-07-14,권선구,(외식비-중식),조리라면(외식),분식집 1인분,3400,2021-07-28
2021-07-14,권선구,(외식비-중식),김밥,일반김밥 1줄,2550,2021-07-28
2021-07-14,권선구,(세탁업+이미용업+숙박업등),세탁료,신사복 상하 드라이클리닝 1회,6260,2021-07-28
2021-07-14,권선구,(세탁업+이미용업+숙박업등),의복수선료,신사복 하의길의 수단(바지밑단줄임) 1회,3500,2021-07-28
2021-07-14,권선구,(세탁업+이미용업+숙박업등),목욕료,일반 대중탕 성인1회,7000,2021-07-28
2021-07-14,권선구,(세탁업+이미용업+숙박업등),이용료,성인남성이발 중류급 1회,10700,2021-07-28
2021-07-14,권선구,(세탁업+이미용업+숙박업등),미용료(커트),성인여자커트 중류급 1회(주택 아파트단지 등 일반업소),12400,2021-07-28
2021-07-14,권선구,(세탁업+이미용업+숙박업등),미용료(파마),성인여자 기본 중류급 1회(주택 아파트단지 등 일반업소),36500,2021-07-28
2021-07-14,권선구,(세탁업+이미용업+숙박업등),찜질방이용료,성인1회(찜질복 대여료 포함),8667,2021-07-28
2021-07-14,권선구,(세탁업+이미용업+숙박업등),숙박(호텔),관광호텔 1급 기준 대여료 포함,70000,2021-07-28
2021-07-14,권선구,(세탁업+이미용업+숙박업등),숙박(여관),갑류 독방 1박 욕실부설 1일,43333,2021-07-28
2021-07-14,권선구,(세탁업+이미용업+숙박업등),콘도이용료,약 82.65㎡ 회원기준 1일 사용기준,,2021-07-28
2021-07-14,권선구,개인서비스요금(기타),영화관람료,주중 상영시간 1매(입장세 및 문예진흥기금 포함),10833,2021-07-28
2021-07-14,권선구,개인서비스요금(기타),수영장이용료,성인일반 입장료(체육기금포함) 1회,3833,2021-07-28
2021-07-14,권선구,개인서비스요금(기타),볼링장이용료,일반인 평일 오후시간(신발제외) 1시간,4775,2021-07-28
2021-07-14,권선구,개인서비스요금(기타),골프연습장이용료,초급반(남자) 회비 레슨비(진흥기금 포함 의복 및 신발제외) 1개월,191429,2021-07-28
2021-07-14,권선구,개인서비스요금(기타),노래방이용료,일반인 저녁시간대 일반실 1시간,25000,2021-07-28
2021-07-14,권선구,개인서비스요금(기타),당구장이용료,쿠션 당구대 일반인 저녁시간 1시간,8800,2021-07-28
2021-07-14,권선구,개인서비스요금(기타),운동경기관람료,성인 경기입장료(축구 야구 등) 1회,,2021-07-28
2021-07-14,권선구,개인서비스요금(기타),PC방 이용료,기본시간 1회,1070,2021-07-28
2021-07-14,권선구,개인서비스요금(기타),택배수수료,무게 20kg이하 타지역 1개,7730,2021-07-28
2021-07-14,권선구,개인서비스요금(기타),사진촬영료,반명함판 컬러 3*4㎝ 1조(8매),17000,2021-07-28
2021-07-14,권선구,개인서비스요금(기타),사진인화료,디지털 사진인화요금(현상료 포함) 1매,394,2021-07-28
2021-07-14,권선구,개인서비스요금(기타),공동주택관리비,아파트 개별부담금 제외한 전금액,143679,2021-07-28
2021-07-14,권선구,생필품 요금(농산물 8),사과,상품 1개,3024,2021-07-28
2021-07-14,권선구,생필품 요금(농산물 8),배,상품 1개,5261,2021-07-28
2021-07-14,권선구,생필품 요금(농산물 8),배추,2kg(중간크기) 1포기,3450,2021-07-28
2021-07-14,권선구,생필품 요금(농산물 8),무,1kg 잎 없는것,1526,2021-07-28
2021-07-14,권선구,생필품 요금(농산물 8),양파,작은망(까지않은것 1.5kg) 1망,2599,2021-07-28
2021-07-14,권선구,생필품 요금(농산물 8),상추,적상추 100g,1402,2021-07-28
2021-07-14,권선구,생필품 요금(농산물 8),오이,다다기오이 1개,612,2021-07-28
2021-07-14,권선구,생필품 요금(농산물 8),호박,애호박(중) 1개,1050,2021-07-28
2021-07-14,권선구,축산물(4),쇠고기,한우불고기(1등급) 600g,32036,2021-07-28
2021-07-14,권선구,축산물(4),돼지고기,생삼겹살(국내산) 600g,17430,2021-07-28
2021-07-14,권선구,축산물(4),닭고기,육계(국내산) 1마리(1kg),6336,2021-07-28
2021-07-14,권선구,축산물(4),달걀,10개입 1판 10개,4183,2021-07-28
2021-07-14,권선구,수산물(4),갈치,생물(60cm) 1마리,9469,2021-07-28
2021-07-14,권선구,수산물(4),동태,냉동 1kg 1마리,3426,2021-07-28
2021-07-14,권선구,수산물(4),오징어,물오징어(생물) 25cm 1마리,3838,2021-07-28
2021-07-14,권선구,수산물(4),고등어,자반고등어 30cm 1마리,3163,2021-07-28
2021-07-14,팔달구,개인서비스요금(외식비-한식),설렁탕,1인분(보통),7938,2021-07-28
2021-07-14,팔달구,개인서비스요금(외식비-한식),냉면,물냉면 1인분(보통),7278,2021-07-28
2021-07-14,팔달구,개인서비스요금(외식비-한식),비빕밥,1인분(보통),6722,2021-07-28
2021-07-14,팔달구,개인서비스요금(외식비-한식),갈비탕,1인분(보통),10056,2021-07-28
2021-07-14,팔달구,개인서비스요금(외식비-한식),삼계탕,닭 1마리 1인분(보통),12889,2021-07-28
2021-07-14,팔달구,개인서비스요금(외식비-한식),김치찌개,1인분(보통),6833,2021-07-28
2021-07-14,팔달구,개인서비스요금(외식비-한식),된장찌개,1인분(보통),6167,2021-07-28
2021-07-14,팔달구,개인서비스요금(외식비-한식),불고기,쇠고기 200g(국내산육우) 공기밥 제외,14167,2021-07-28
2021-07-14,팔달구,개인서비스요금(외식비-한식),삼겹살(외식),돼지고기 200g(국내산) 공기밥 제외,12100,2021-07-28
2021-07-14,팔달구,개인서비스요금(외식비-한식),등심구이(외식),쇠고기 200g(한우 1+) 1인분,36750,2021-07-28
2021-07-14,팔달구,개인서비스요금(외식비-한식),돼지갈비(외식),국내산 200g,11489,2021-07-28
2021-07-14,팔달구,(외식비-중식),짜장면,중화요리점 1그릇(보통),5222,2021-07-28
2021-07-14,팔달구,(외식비-중식),짬뽕,중화요리점 1그릇(보통),6611,2021-07-28
2021-07-14,팔달구,(외식비-중식),탕수육,중화요리점 1그릇(중 돼지고기),19556,2021-07-28
2021-07-14,팔달구,(외식비-중식),생선초밥,일식집 1인분 활어기준,15317,2021-07-28
2021-07-14,팔달구,(외식비-중식),돈까스,돈까스(국내산) 식당 1인분,7125,2021-07-28
2021-07-14,팔달구,(외식비-중식),햄버거,전문점 불고기 버거 1개,4400,2021-07-28
2021-07-14,팔달구,(외식비-중식),피자,전문점 불고기 피자 기본형(레귤러),16049,2021-07-28
2021-07-14,팔달구,(외식비-중식),커피(외식),커피전문점 일반 원두커피 1잔,3289,2021-07-28
2021-07-14,팔달구,(외식비-중식),국산차(외식),녹차 1잔,3667,2021-07-28
2021-07-14,팔달구,(외식비-중식),치킨,튀김통닭 후라이드,16000,2021-07-28
2021-07-14,팔달구,(외식비-중식),칼국수,칼국수 전문점 1그릇,6056,2021-07-28
2021-07-14,팔달구,(외식비-중식),조리라면(외식),분식집 1인분,3375,2021-07-28
2021-07-14,팔달구,(외식비-중식),김밥,일반김밥 1줄,2444,2021-07-28
2021-07-14,팔달구,(세탁업+이미용업+숙박업등),세탁료,신사복 상하 드라이클리닝 1회,6478,2021-07-28
2021-07-14,팔달구,(세탁업+이미용업+숙박업등),의복수선료,신사복 하의길의 수단(바지밑단줄임) 1회,3667,2021-07-28
2021-07-14,팔달구,(세탁업+이미용업+숙박업등),목욕료,일반 대중탕 성인1회,7833,2021-07-28
2021-07-14,팔달구,(세탁업+이미용업+숙박업등),이용료,성인남성이발 중류급 1회,11000,2021-07-28
2021-07-14,팔달구,(세탁업+이미용업+숙박업등),미용료(커트),성인여자커트 중류급 1회(주택 아파트단지 등 일반업소),13000,2021-07-28
2021-07-14,팔달구,(세탁업+이미용업+숙박업등),미용료(파마),성인여자 기본 중류급 1회(주택 아파트단지 등 일반업소),36556,2021-07-28
2021-07-14,팔달구,(세탁업+이미용업+숙박업등),찜질방이용료,성인1회(찜질복 대여료 포함),9000,2021-07-28
2021-07-14,팔달구,(세탁업+이미용업+숙박업등),숙박(호텔),관광호텔 1급 기준 대여료 포함,174000,2021-07-28
2021-07-14,팔달구,(세탁업+이미용업+숙박업등),숙박(여관),갑류 독방 1박 욕실부설 1일,30833,2021-07-28
2021-07-14,팔달구,(세탁업+이미용업+숙박업등),콘도이용료,약 82.65㎡ 회원기준 1일 사용기준,,2021-07-28
2021-07-14,팔달구,개인서비스요금(기타),영화관람료,주중 상영시간 1매(입장세 및 문예진흥기금 포함),12000,2021-07-28
2021-07-14,팔달구,개인서비스요금(기타),수영장이용료,성인일반 입장료(체육기금포함) 1회,8000,2021-07-28
2021-07-14,팔달구,개인서비스요금(기타),볼링장이용료,일반인 평일 오후시간(신발제외) 1시간,4100,2021-07-28
2021-07-14,팔달구,개인서비스요금(기타),골프연습장이용료,초급반(남자) 회비 레슨비(진흥기금 포함 의복 및 신발제외) 1개월,156667,2021-07-28
2021-07-14,팔달구,개인서비스요금(기타),노래방이용료,일반인 저녁시간대 일반실 1시간,17000,2021-07-28
2021-07-14,팔달구,개인서비스요금(기타),당구장이용료,쿠션 당구대 일반인 저녁시간 1시간,8486,2021-07-28
2021-07-14,팔달구,개인서비스요금(기타),운동경기관람료,성인 경기입장료(축구 야구 등) 1회,14000,2021-07-28
2021-07-14,팔달구,개인서비스요금(기타),PC방 이용료,기본시간 1회,1063,2021-07-28
2021-07-14,팔달구,개인서비스요금(기타),택배수수료,무게 20kg이하 타지역 1개,7357,2021-07-28
2021-07-14,팔달구,개인서비스요금(기타),사진촬영료,반명함판 컬러 3*4㎝ 1조(8매),17000,2021-07-28
2021-07-14,팔달구,개인서비스요금(기타),사진인화료,디지털 사진인화요금(현상료 포함) 1매,588,2021-07-28
2021-07-14,팔달구,개인서비스요금(기타),공동주택관리비,아파트 개별부담금 제외한 전금액,114373,2021-07-28
2021-07-14,팔달구,생필품 요금(농산물 8),사과,상품 1개,2960,2021-07-28
2021-07-14,팔달구,생필품 요금(농산물 8),배,상품 1개,5383,2021-07-28
2021-07-14,팔달구,생필품 요금(농산물 8),배추,2kg(중간크기) 1포기,3767,2021-07-28
2021-07-14,팔달구,생필품 요금(농산물 8),무,1kg 잎 없는것,1704,2021-07-28
2021-07-14,팔달구,생필품 요금(농산물 8),양파,작은망(까지않은것 1.5kg) 1망,2141,2021-07-28
2021-07-14,팔달구,생필품 요금(농산물 8),상추,적상추 100g,1471,2021-07-28
2021-07-14,팔달구,생필품 요금(농산물 8),오이,다다기오이 1개,696,2021-07-28
2021-07-14,팔달구,생필품 요금(농산물 8),호박,애호박(중) 1개,1132,2021-07-28
2021-07-14,팔달구,축산물(4),쇠고기,한우불고기(1등급) 600g,27421,2021-07-28
2021-07-14,팔달구,축산물(4),돼지고기,생삼겹살(국내산) 600g,15376,2021-07-28
2021-07-14,팔달구,축산물(4),닭고기,육계(국내산) 1마리(1kg),6421,2021-07-28
2021-07-14,팔달구,축산물(4),달걀,10개입 1판 10개,4387,2021-07-28
2021-07-14,팔달구,수산물(4),갈치,생물(60cm) 1마리,9800,2021-07-28
2021-07-14,팔달구,수산물(4),동태,냉동 1kg 1마리,3443,2021-07-28
2021-07-14,팔달구,수산물(4),오징어,물오징어(생물) 25cm 1마리,3788,2021-07-28
2021-07-14,팔달구,수산물(4),고등어,자반고등어 30cm 1마리,2916,2021-07-28
2021-07-14,영통구,개인서비스요금(외식비-한식),설렁탕,1인분(보통),8500,2021-07-28
2021-07-14,영통구,개인서비스요금(외식비-한식),냉면,물냉면 1인분(보통),7000,2021-07-28
2021-07-14,영통구,개인서비스요금(외식비-한식),비빕밥,1인분(보통),7050,2021-07-28
2021-07-14,영통구,개인서비스요금(외식비-한식),갈비탕,1인분(보통),11333,2021-07-28
2021-07-14,영통구,개인서비스요금(외식비-한식),삼계탕,닭 1마리 1인분(보통),13222,2021-07-28
2021-07-14,영통구,개인서비스요금(외식비-한식),김치찌개,1인분(보통),6900,2021-07-28
2021-07-14,영통구,개인서비스요금(외식비-한식),된장찌개,1인분(보통),6800,2021-07-28
2021-07-14,영통구,개인서비스요금(외식비-한식),불고기,쇠고기 200g(국내산육우) 공기밥 제외,11575,2021-07-28
2021-07-14,영통구,개인서비스요금(외식비-한식),삼겹살(외식),돼지고기 200g(국내산) 공기밥 제외,13540,2021-07-28
2021-07-14,영통구,개인서비스요금(외식비-한식),등심구이(외식),쇠고기 200g(한우 1+) 1인분,39556,2021-07-28
2021-07-14,영통구,개인서비스요금(외식비-한식),돼지갈비(외식),국내산 200g,14678,2021-07-28
2021-07-14,영통구,(외식비-중식),짜장면,중화요리점 1그릇(보통),5300,2021-07-28
2021-07-14,영통구,(외식비-중식),짬뽕,중화요리점 1그릇(보통),6950,2021-07-28
2021-07-14,영통구,(외식비-중식),탕수육,중화요리점 1그릇(중 돼지고기),18060,2021-07-28
2021-07-14,영통구,(외식비-중식),생선초밥,일식집 1인분 활어기준,14400,2021-07-28
2021-07-14,영통구,(외식비-중식),돈까스,돈까스(국내산) 식당 1인분,8480,2021-07-28
2021-07-14,영통구,(외식비-중식),햄버거,전문점 불고기 버거 1개,3400,2021-07-28
2021-07-14,영통구,(외식비-중식),피자,전문점 불고기 피자 기본형(레귤러),13640,2021-07-28
2021-07-14,영통구,(외식비-중식),커피(외식),커피전문점 일반 원두커피 1잔,3060,2021-07-28
2021-07-14,영통구,(외식비-중식),국산차(외식),녹차 1잔,3344,2021-07-28
2021-07-14,영통구,(외식비-중식),치킨,튀김통닭 후라이드,14750,2021-07-28
2021-07-14,영통구,(외식비-중식),칼국수,칼국수 전문점 1그릇,6611,2021-07-28
2021-07-14,영통구,(외식비-중식),조리라면(외식),분식집 1인분,3400,2021-07-28
2021-07-14,영통구,(외식비-중식),김밥,일반김밥 1줄,2600,2021-07-28
2021-07-14,영통구,(세탁업+이미용업+숙박업등),세탁료,신사복 상하 드라이클리닝 1회,6530,2021-07-28
2021-07-14,영통구,(세탁업+이미용업+숙박업등),의복수선료,신사복 하의길의 수단(바지밑단줄임) 1회,4100,2021-07-28
2021-07-14,영통구,(세탁업+이미용업+숙박업등),목욕료,일반 대중탕 성인1회,7250,2021-07-28
2021-07-14,영통구,(세탁업+이미용업+숙박업등),이용료,성인남성이발 중류급 1회,10100,2021-07-28
2021-07-14,영통구,(세탁업+이미용업+숙박업등),미용료(커트),성인여자커트 중류급 1회(주택 아파트단지 등 일반업소),14300,2021-07-28
2021-07-14,영통구,(세탁업+이미용업+숙박업등),미용료(파마),성인여자 기본 중류급 1회(주택 아파트단지 등 일반업소),41500,2021-07-28
2021-07-14,영통구,(세탁업+이미용업+숙박업등),찜질방이용료,성인1회(찜질복 대여료 포함),8500,2021-07-28
2021-07-14,영통구,(세탁업+이미용업+숙박업등),숙박(호텔),관광호텔 1급 기준 대여료 포함,75000,2021-07-28
2021-07-14,영통구,(세탁업+이미용업+숙박업등),숙박(여관),갑류 독방 1박 욕실부설 1일,47500,2021-07-28
2021-07-14,영통구,(세탁업+이미용업+숙박업등),콘도이용료,약 82.65㎡ 회원기준 1일 사용기준,,2021-07-28
2021-07-14,영통구,개인서비스요금(기타),영화관람료,주중 상영시간 1매(입장세 및 문예진흥기금 포함),13000,2021-07-28
2021-07-14,영통구,개인서비스요금(기타),수영장이용료,성인일반 입장료(체육기금포함) 1회,4000,2021-07-28
2021-07-14,영통구,개인서비스요금(기타),볼링장이용료,일반인 평일 오후시간(신발제외) 1시간,5600,2021-07-28
2021-07-14,영통구,개인서비스요금(기타),골프연습장이용료,초급반(남자) 회비 레슨비(진흥기금 포함 의복 및 신발제외) 1개월,150667,2021-07-28
2021-07-14,영통구,개인서비스요금(기타),노래방이용료,일반인 저녁시간대 일반실 1시간,23125,2021-07-28
2021-07-14,영통구,개인서비스요금(기타),당구장이용료,쿠션 당구대 일반인 저녁시간 1시간,9900,2021-07-28
2021-07-14,영통구,개인서비스요금(기타),운동경기관람료,성인 경기입장료(축구 야구 등) 1회,,2021-07-28
2021-07-14,영통구,개인서비스요금(기타),PC방 이용료,기본시간 1회,1038,2021-07-28
2021-07-14,영통구,개인서비스요금(기타),택배수수료,무게 20kg이하 타지역 1개,7430,2021-07-28
2021-07-14,영통구,개인서비스요금(기타),사진촬영료,반명함판 컬러 3*4㎝ 1조(8매),19000,2021-07-28
2021-07-14,영통구,개인서비스요금(기타),사진인화료,디지털 사진인화요금(현상료 포함) 1매,522,2021-07-28
2021-07-14,영통구,개인서비스요금(기타),공동주택관리비,아파트 개별부담금 제외한 전금액,132081,2021-07-28
2021-07-14,영통구,생필품 요금(농산물 8),사과,상품 1개,2677,2021-07-28
2021-07-14,영통구,생필품 요금(농산물 8),배,상품 1개,4901,2021-07-28
2021-07-14,영통구,생필품 요금(농산물 8),배추,2kg(중간크기) 1포기,3111,2021-07-28
2021-07-14,영통구,생필품 요금(농산물 8),무,1kg 잎 없는것,1596,2021-07-28
2021-07-14,영통구,생필품 요금(농산물 8),양파,작은망(까지않은것 1.5kg) 1망,3060,2021-07-28
2021-07-14,영통구,생필품 요금(농산물 8),상추,적상추 100g,1758,2021-07-28
2021-07-14,영통구,생필품 요금(농산물 8),오이,다다기오이 1개,746,2021-07-28
2021-07-14,영통구,생필품 요금(농산물 8),호박,애호박(중) 1개,1265,2021-07-28
2021-07-14,영통구,축산물(4),쇠고기,한우불고기(1등급) 600g,32325,2021-07-28
2021-07-14,영통구,축산물(4),돼지고기,생삼겹살(국내산) 600g,15929,2021-07-28
2021-07-14,영통구,축산물(4),닭고기,육계(국내산) 1마리(1kg),6890,2021-07-28
2021-07-14,영통구,축산물(4),달걀,10개입 1판 10개,3967,2021-07-28
2021-07-14,영통구,수산물(4),갈치,생물(60cm) 1마리,6905,2021-07-28
2021-07-14,영통구,수산물(4),동태,냉동 1kg 1마리,5147,2021-07-28
2021-07-14,영통구,수산물(4),오징어,물오징어(생물) 25cm 1마리,4069,2021-07-28
2021-07-14,영통구,수산물(4),고등어,자반고등어 30cm 1마리,3759,2021-07-28
2021-07-24,장안구,개인서비스요금(외식비-한식),설렁탕,1인분(보통),7750,2021-07-28
2021-07-24,장안구,개인서비스요금(외식비-한식),냉면,물냉면 1인분(보통),6600,2021-07-28
2021-07-24,장안구,개인서비스요금(외식비-한식),비빕밥,1인분(보통),6250,2021-07-28
2021-07-24,장안구,개인서비스요금(외식비-한식),갈비탕,1인분(보통),9700,2021-07-28
2021-07-24,장안구,개인서비스요금(외식비-한식),삼계탕,닭 1마리 1인분(보통),12889,2021-07-28
2021-07-24,장안구,개인서비스요금(외식비-한식),김치찌개,1인분(보통),7000,2021-07-28
2021-07-24,장안구,개인서비스요금(외식비-한식),된장찌개,1인분(보통),6700,2021-07-28
2021-07-24,장안구,개인서비스요금(외식비-한식),불고기,쇠고기 200g(국내산육우) 공기밥 제외,12485,2021-07-28
2021-07-24,장안구,개인서비스요금(외식비-한식),삼겹살(외식),돼지고기 200g(국내산) 공기밥 제외,12268,2021-07-28
2021-07-24,장안구,개인서비스요금(외식비-한식),등심구이(외식),쇠고기 200g(한우 1+) 1인분,30288,2021-07-28
2021-07-24,장안구,개인서비스요금(외식비-한식),돼지갈비(외식),국내산 200g,12640,2021-07-28
2021-07-24,장안구,(외식비-중식),짜장면,중화요리점 1그릇(보통),4722,2021-07-28
2021-07-24,장안구,(외식비-중식),짬뽕,중화요리점 1그릇(보통),6167,2021-07-28
2021-07-24,장안구,(외식비-중식),탕수육,중화요리점 1그릇(중 돼지고기),17322,2021-07-28
2021-07-24,장안구,(외식비-중식),생선초밥,일식집 1인분 활어기준,12977,2021-07-28
2021-07-24,장안구,(외식비-중식),돈까스,돈까스(국내산) 식당 1인분,6611,2021-07-28
2021-07-24,장안구,(외식비-중식),햄버거,전문점 불고기 버거 1개,3317,2021-07-28
2021-07-24,장안구,(외식비-중식),피자,전문점 불고기 피자 기본형(레귤러),10705,2021-07-28
2021-07-24,장안구,(외식비-중식),커피(외식),커피전문점 일반 원두커피 1잔,2830,2021-07-28
2021-07-24,장안구,(외식비-중식),국산차(외식),녹차 1잔,3880,2021-07-28
2021-07-24,장안구,(외식비-중식),치킨,튀김통닭 후라이드,14267,2021-07-28
2021-07-24,장안구,(외식비-중식),칼국수,칼국수 전문점 1그릇,6700,2021-07-28
2021-07-24,장안구,(외식비-중식),조리라면(외식),분식집 1인분,3350,2021-07-28
2021-07-24,장안구,(외식비-중식),김밥,일반김밥 1줄,2580,2021-07-28
2021-07-24,장안구,(세탁업+이미용업+숙박업등),세탁료,신사복 상하 드라이클리닝 1회,6600,2021-07-28
2021-07-24,장안구,(세탁업+이미용업+숙박업등),의복수선료,신사복 하의길의 수단(바지밑단줄임) 1회,3600,2021-07-28
2021-07-24,장안구,(세탁업+이미용업+숙박업등),목욕료,일반 대중탕 성인1회,6600,2021-07-28
2021-07-24,장안구,(세탁업+이미용업+숙박업등),이용료,성인남성이발 중류급 1회,9800,2021-07-28
2021-07-24,장안구,(세탁업+이미용업+숙박업등),미용료(커트),성인여자커트 중류급 1회(주택 아파트단지 등 일반업소),11200,2021-07-28
2021-07-24,장안구,(세탁업+이미용업+숙박업등),미용료(파마),성인여자 기본 중류급 1회(주택 아파트단지 등 일반업소),35500,2021-07-28
2021-07-24,장안구,(세탁업+이미용업+숙박업등),찜질방이용료,성인1회(찜질복 대여료 포함),,2021-07-28
2021-07-24,장안구,(세탁업+이미용업+숙박업등),숙박(호텔),관광호텔 1급 기준 대여료 포함,,2021-07-28
2021-07-24,장안구,(세탁업+이미용업+숙박업등),숙박(여관),갑류 독방 1박 욕실부설 1일,39167,2021-07-28
2021-07-24,장안구,(세탁업+이미용업+숙박업등),콘도이용료,약 82.65㎡ 회원기준 1일 사용기준,,2021-07-28
2021-07-24,장안구,개인서비스요금(기타),영화관람료,주중 상영시간 1매(입장세 및 문예진흥기금 포함),12500,2021-07-28
2021-07-24,장안구,개인서비스요금(기타),수영장이용료,성인일반 입장료(체육기금포함) 1회,,2021-07-28
2021-07-24,장안구,개인서비스요금(기타),볼링장이용료,일반인 평일 오후시간(신발제외) 1시간,4250,2021-07-28
2021-07-24,장안구,개인서비스요금(기타),골프연습장이용료,초급반(남자) 회비 레슨비(진흥기금 포함 의복 및 신발제외) 1개월,360000,2021-07-28
2021-07-24,장안구,개인서비스요금(기타),노래방이용료,일반인 저녁시간대 일반실 1시간,22000,2021-07-28
2021-07-24,장안구,개인서비스요금(기타),당구장이용료,쿠션 당구대 일반인 저녁시간 1시간,9000,2021-07-28
2021-07-24,장안구,개인서비스요금(기타),운동경기관람료,성인 경기입장료(축구 야구 등) 1회,12000,2021-07-28
2021-07-24,장안구,개인서비스요금(기타),PC방 이용료,기본시간 1회,1037,2021-07-28
2021-07-24,장안구,개인서비스요금(기타),택배수수료,무게 20kg이하 타지역 1개,6889,2021-07-28
2021-07-24,장안구,개인서비스요금(기타),사진촬영료,반명함판 컬러 3*4㎝ 1조(8매),17500,2021-07-28
2021-07-24,장안구,개인서비스요금(기타),사진인화료,디지털 사진인화요금(현상료 포함) 1매,600,2021-07-28
2021-07-24,장안구,개인서비스요금(기타),공동주택관리비,아파트 개별부담금 제외한 전금액,124049,2021-07-28
2021-07-24,장안구,생필품 요금(농산물 8),사과,상품 1개,2207,2021-07-28
2021-07-24,장안구,생필품 요금(농산물 8),배,상품 1개,5475,2021-07-28
2021-07-24,장안구,생필품 요금(농산물 8),배추,2kg(중간크기) 1포기,3474,2021-07-28
2021-07-24,장안구,생필품 요금(농산물 8),무,1kg 잎 없는것,1792,2021-07-28
2021-07-24,장안구,생필품 요금(농산물 8),양파,작은망(까지않은것 1.5kg) 1망,2926,2021-07-28
2021-07-24,장안구,생필품 요금(농산물 8),상추,적상추 100g,1855,2021-07-28
2021-07-24,장안구,생필품 요금(농산물 8),오이,다다기오이 1개,771,2021-07-28
2021-07-24,장안구,생필품 요금(농산물 8),호박,애호박(중) 1개,929,2021-07-28
2021-07-24,장안구,축산물(4),쇠고기,한우불고기(1등급) 600g,29550,2021-07-28
2021-07-24,장안구,축산물(4),돼지고기,생삼겹살(국내산) 600g,16866,2021-07-28
2021-07-24,장안구,축산물(4),닭고기,육계(국내산) 1마리(1kg),6632,2021-07-28
2021-07-24,장안구,축산물(4),달걀,10개입 1판 10개,4281,2021-07-28
2021-07-24,장안구,수산물(4),갈치,생물(60cm) 1마리,7654,2021-07-28
2021-07-24,장안구,수산물(4),동태,냉동 1kg 1마리,2956,2021-07-28
2021-07-24,장안구,수산물(4),오징어,물오징어(생물) 25cm 1마리,4453,2021-07-28
2021-07-24,장안구,수산물(4),고등어,자반고등어 30cm 1마리,2793,2021-07-28
2021-07-24,권선구,개인서비스요금(외식비-한식),설렁탕,1인분(보통),8857,2021-07-28
2021-07-24,권선구,개인서비스요금(외식비-한식),냉면,물냉면 1인분(보통),6790,2021-07-28
2021-07-24,권선구,개인서비스요금(외식비-한식),비빕밥,1인분(보통),5950,2021-07-28
2021-07-24,권선구,개인서비스요금(외식비-한식),갈비탕,1인분(보통),11556,2021-07-28
2021-07-24,권선구,개인서비스요금(외식비-한식),삼계탕,닭 1마리 1인분(보통),13556,2021-07-28
2021-07-24,권선구,개인서비스요금(외식비-한식),김치찌개,1인분(보통),6700,2021-07-28
2021-07-24,권선구,개인서비스요금(외식비-한식),된장찌개,1인분(보통),6500,2021-07-28
2021-07-24,권선구,개인서비스요금(외식비-한식),불고기,쇠고기 200g(국내산육우) 공기밥 제외,12738,2021-07-28
2021-07-24,권선구,개인서비스요금(외식비-한식),삼겹살(외식),돼지고기 200g(국내산) 공기밥 제외,12500,2021-07-28
2021-07-24,권선구,개인서비스요금(외식비-한식),등심구이(외식),쇠고기 200g(한우 1+) 1인분,35200,2021-07-28
2021-07-24,권선구,개인서비스요금(외식비-한식),돼지갈비(외식),국내산 200g,11670,2021-07-28
2021-07-24,권선구,(외식비-중식),짜장면,중화요리점 1그릇(보통),5450,2021-07-28
2021-07-24,권선구,(외식비-중식),짬뽕,중화요리점 1그릇(보통),6900,2021-07-28
2021-07-24,권선구,(외식비-중식),탕수육,중화요리점 1그릇(중 돼지고기),19100,2021-07-28
2021-07-24,권선구,(외식비-중식),생선초밥,일식집 1인분 활어기준,14750,2021-07-28
2021-07-24,권선구,(외식비-중식),돈까스,돈까스(국내산) 식당 1인분,7710,2021-07-28
2021-07-24,권선구,(외식비-중식),햄버거,전문점 불고기 버거 1개,3367,2021-07-28
2021-07-24,권선구,(외식비-중식),피자,전문점 불고기 피자 기본형(레귤러),14100,2021-07-28
2021-07-24,권선구,(외식비-중식),커피(외식),커피전문점 일반 원두커피 1잔,3340,2021-07-28
2021-07-24,권선구,(외식비-중식),국산차(외식),녹차 1잔,4030,2021-07-28
2021-07-24,권선구,(외식비-중식),치킨,튀김통닭 후라이드,14900,2021-07-28
2021-07-24,권선구,(외식비-중식),칼국수,칼국수 전문점 1그릇,5750,2021-07-28
2021-07-24,권선구,(외식비-중식),조리라면(외식),분식집 1인분,3400,2021-07-28
2021-07-24,권선구,(외식비-중식),김밥,일반김밥 1줄,2480,2021-07-28
2021-07-24,권선구,(세탁업+이미용업+숙박업등),세탁료,신사복 상하 드라이클리닝 1회,6660,2021-07-28
2021-07-24,권선구,(세탁업+이미용업+숙박업등),의복수선료,신사복 하의길의 수단(바지밑단줄임) 1회,3900,2021-07-28
2021-07-24,권선구,(세탁업+이미용업+숙박업등),목욕료,일반 대중탕 성인1회,6875,2021-07-28
2021-07-24,권선구,(세탁업+이미용업+숙박업등),이용료,성인남성이발 중류급 1회,10800,2021-07-28
2021-07-24,권선구,(세탁업+이미용업+숙박업등),미용료(커트),성인여자커트 중류급 1회(주택 아파트단지 등 일반업소),12500,2021-07-28
2021-07-24,권선구,(세탁업+이미용업+숙박업등),미용료(파마),성인여자 기본 중류급 1회(주택 아파트단지 등 일반업소),36500,2021-07-28
2021-07-24,권선구,(세탁업+이미용업+숙박업등),찜질방이용료,성인1회(찜질복 대여료 포함),8500,2021-07-28
2021-07-24,권선구,(세탁업+이미용업+숙박업등),숙박(호텔),관광호텔 1급 기준 대여료 포함,70000,2021-07-28
2021-07-24,권선구,(세탁업+이미용업+숙박업등),숙박(여관),갑류 독방 1박 욕실부설 1일,46667,2021-07-28
2021-07-24,권선구,(세탁업+이미용업+숙박업등),콘도이용료,약 82.65㎡ 회원기준 1일 사용기준,,2021-07-28
2021-07-24,권선구,개인서비스요금(기타),영화관람료,주중 상영시간 1매(입장세 및 문예진흥기금 포함),10500,2021-07-28
2021-07-24,권선구,개인서비스요금(기타),수영장이용료,성인일반 입장료(체육기금포함) 1회,3833,2021-07-28
2021-07-24,권선구,개인서비스요금(기타),볼링장이용료,일반인 평일 오후시간(신발제외) 1시간,4725,2021-07-28
2021-07-24,권선구,개인서비스요금(기타),골프연습장이용료,초급반(남자) 회비 레슨비(진흥기금 포함 의복 및 신발제외) 1개월,171429,2021-07-28
2021-07-24,권선구,개인서비스요금(기타),노래방이용료,일반인 저녁시간대 일반실 1시간,24500,2021-07-28
2021-07-24,권선구,개인서비스요금(기타),당구장이용료,쿠션 당구대 일반인 저녁시간 1시간,9400,2021-07-28
2021-07-24,권선구,개인서비스요금(기타),운동경기관람료,성인 경기입장료(축구 야구 등) 1회,,2021-07-28
2021-07-24,권선구,개인서비스요금(기타),PC방 이용료,기본시간 1회,1090,2021-07-28
2021-07-24,권선구,개인서비스요금(기타),택배수수료,무게 20kg이하 타지역 1개,7330,2021-07-28
2021-07-24,권선구,개인서비스요금(기타),사진촬영료,반명함판 컬러 3*4㎝ 1조(8매),16444,2021-07-28
2021-07-24,권선구,개인서비스요금(기타),사진인화료,디지털 사진인화요금(현상료 포함) 1매,417,2021-07-28
2021-07-24,권선구,개인서비스요금(기타),공동주택관리비,아파트 개별부담금 제외한 전금액,143352,2021-07-28
2021-07-24,권선구,생필품 요금(농산물 8),사과,상품 1개,2258,2021-07-28
2021-07-24,권선구,생필품 요금(농산물 8),배,상품 1개,5699,2021-07-28
2021-07-24,권선구,생필품 요금(농산물 8),배추,2kg(중간크기) 1포기,3088,2021-07-28
2021-07-24,권선구,생필품 요금(농산물 8),무,1kg 잎 없는것,1572,2021-07-28
2021-07-24,권선구,생필품 요금(농산물 8),양파,작은망(까지않은것 1.5kg) 1망,2508,2021-07-28
2021-07-24,권선구,생필품 요금(농산물 8),상추,적상추 100g,1749,2021-07-28
2021-07-24,권선구,생필품 요금(농산물 8),오이,다다기오이 1개,698,2021-07-28
2021-07-24,권선구,생필품 요금(농산물 8),호박,애호박(중) 1개,951,2021-07-28
2021-07-24,권선구,축산물(4),쇠고기,한우불고기(1등급) 600g,31664,2021-07-28
2021-07-24,권선구,축산물(4),돼지고기,생삼겹살(국내산) 600g,17068,2021-07-28
2021-07-24,권선구,축산물(4),닭고기,육계(국내산) 1마리(1kg),6259,2021-07-28
2021-07-24,권선구,축산물(4),달걀,10개입 1판 10개,4082,2021-07-28
2021-07-24,권선구,수산물(4),갈치,생물(60cm) 1마리,8163,2021-07-28
2021-07-24,권선구,수산물(4),동태,냉동 1kg 1마리,3710,2021-07-28
2021-07-24,권선구,수산물(4),오징어,물오징어(생물) 25cm 1마리,3521,2021-07-28
2021-07-24,권선구,수산물(4),고등어,자반고등어 30cm 1마리,3647,2021-07-28
2021-07-24,팔달구,개인서비스요금(외식비-한식),설렁탕,1인분(보통),7938,2021-07-28
2021-07-24,팔달구,개인서비스요금(외식비-한식),냉면,물냉면 1인분(보통),7611,2021-07-28
2021-07-24,팔달구,개인서비스요금(외식비-한식),비빕밥,1인분(보통),6111,2021-07-28
2021-07-24,팔달구,개인서비스요금(외식비-한식),갈비탕,1인분(보통),10889,2021-07-28
2021-07-24,팔달구,개인서비스요금(외식비-한식),삼계탕,닭 1마리 1인분(보통),12389,2021-07-28
2021-07-24,팔달구,개인서비스요금(외식비-한식),김치찌개,1인분(보통),6556,2021-07-28
2021-07-24,팔달구,개인서비스요금(외식비-한식),된장찌개,1인분(보통),6111,2021-07-28
2021-07-24,팔달구,개인서비스요금(외식비-한식),불고기,쇠고기 200g(국내산육우) 공기밥 제외,13500,2021-07-28
2021-07-24,팔달구,개인서비스요금(외식비-한식),삼겹살(외식),돼지고기 200g(국내산) 공기밥 제외,12889,2021-07-28
2021-07-24,팔달구,개인서비스요금(외식비-한식),등심구이(외식),쇠고기 200g(한우 1+) 1인분,37625,2021-07-28
2021-07-24,팔달구,개인서비스요금(외식비-한식),돼지갈비(외식),국내산 200g,12333,2021-07-28
2021-07-24,팔달구,(외식비-중식),짜장면,중화요리점 1그릇(보통),4944,2021-07-28
2021-07-24,팔달구,(외식비-중식),짬뽕,중화요리점 1그릇(보통),6500,2021-07-28
2021-07-24,팔달구,(외식비-중식),탕수육,중화요리점 1그릇(중 돼지고기),17322,2021-07-28
2021-07-24,팔달구,(외식비-중식),생선초밥,일식집 1인분 활어기준,14667,2021-07-28
2021-07-24,팔달구,(외식비-중식),돈까스,돈까스(국내산) 식당 1인분,6938,2021-07-28
2021-07-24,팔달구,(외식비-중식),햄버거,전문점 불고기 버거 1개,4500,2021-07-28
2021-07-24,팔달구,(외식비-중식),피자,전문점 불고기 피자 기본형(레귤러),15436,2021-07-28
2021-07-24,팔달구,(외식비-중식),커피(외식),커피전문점 일반 원두커피 1잔,3433,2021-07-28
2021-07-24,팔달구,(외식비-중식),국산차(외식),녹차 1잔,4022,2021-07-28
2021-07-24,팔달구,(외식비-중식),치킨,튀김통닭 후라이드,15656,2021-07-28
2021-07-24,팔달구,(외식비-중식),칼국수,칼국수 전문점 1그릇,6000,2021-07-28
2021-07-24,팔달구,(외식비-중식),조리라면(외식),분식집 1인분,3250,2021-07-28
2021-07-24,팔달구,(외식비-중식),김밥,일반김밥 1줄,2467,2021-07-28
2021-07-24,팔달구,(세탁업+이미용업+숙박업등),세탁료,신사복 상하 드라이클리닝 1회,6667,2021-07-28
2021-07-24,팔달구,(세탁업+이미용업+숙박업등),의복수선료,신사복 하의길의 수단(바지밑단줄임) 1회,3333,2021-07-28
2021-07-24,팔달구,(세탁업+이미용업+숙박업등),목욕료,일반 대중탕 성인1회,7833,2021-07-28
2021-07-24,팔달구,(세탁업+이미용업+숙박업등),이용료,성인남성이발 중류급 1회,9889,2021-07-28
2021-07-24,팔달구,(세탁업+이미용업+숙박업등),미용료(커트),성인여자커트 중류급 1회(주택 아파트단지 등 일반업소),13333,2021-07-28
2021-07-24,팔달구,(세탁업+이미용업+숙박업등),미용료(파마),성인여자 기본 중류급 1회(주택 아파트단지 등 일반업소),42222,2021-07-28
2021-07-24,팔달구,(세탁업+이미용업+숙박업등),찜질방이용료,성인1회(찜질복 대여료 포함),9000,2021-07-28
2021-07-24,팔달구,(세탁업+이미용업+숙박업등),숙박(호텔),관광호텔 1급 기준 대여료 포함,174000,2021-07-28
2021-07-24,팔달구,(세탁업+이미용업+숙박업등),숙박(여관),갑류 독방 1박 욕실부설 1일,23333,2021-07-28
2021-07-24,팔달구,(세탁업+이미용업+숙박업등),콘도이용료,약 82.65㎡ 회원기준 1일 사용기준,,2021-07-28
2021-07-24,팔달구,개인서비스요금(기타),영화관람료,주중 상영시간 1매(입장세 및 문예진흥기금 포함),12000,2021-07-28
2021-07-24,팔달구,개인서비스요금(기타),수영장이용료,성인일반 입장료(체육기금포함) 1회,8000,2021-07-28
2021-07-24,팔달구,개인서비스요금(기타),볼링장이용료,일반인 평일 오후시간(신발제외) 1시간,4100,2021-07-28
2021-07-24,팔달구,개인서비스요금(기타),골프연습장이용료,초급반(남자) 회비 레슨비(진흥기금 포함 의복 및 신발제외) 1개월,156667,2021-07-28
2021-07-24,팔달구,개인서비스요금(기타),노래방이용료,일반인 저녁시간대 일반실 1시간,17556,2021-07-28
2021-07-24,팔달구,개인서비스요금(기타),당구장이용료,쿠션 당구대 일반인 저녁시간 1시간,8229,2021-07-28
2021-07-24,팔달구,개인서비스요금(기타),운동경기관람료,성인 경기입장료(축구 야구 등) 1회,14000,2021-07-28
2021-07-24,팔달구,개인서비스요금(기타),PC방 이용료,기본시간 1회,1063,2021-07-28
2021-07-24,팔달구,개인서비스요금(기타),택배수수료,무게 20kg이하 타지역 1개,6929,2021-07-28
2021-07-24,팔달구,개인서비스요금(기타),사진촬영료,반명함판 컬러 3*4㎝ 1조(8매),15500,2021-07-28
2021-07-24,팔달구,개인서비스요금(기타),사진인화료,디지털 사진인화요금(현상료 포함) 1매,500,2021-07-28
2021-07-24,팔달구,개인서비스요금(기타),공동주택관리비,아파트 개별부담금 제외한 전금액,93629,2021-07-28
2021-07-24,팔달구,생필품 요금(농산물 8),사과,상품 1개,3099,2021-07-28
2021-07-24,팔달구,생필품 요금(농산물 8),배,상품 1개,5039,2021-07-28
2021-07-24,팔달구,생필품 요금(농산물 8),배추,2kg(중간크기) 1포기,3352,2021-07-28
2021-07-24,팔달구,생필품 요금(농산물 8),무,1kg 잎 없는것,1772,2021-07-28
2021-07-24,팔달구,생필품 요금(농산물 8),양파,작은망(까지않은것 1.5kg) 1망,2829,2021-07-28
2021-07-24,팔달구,생필품 요금(농산물 8),상추,적상추 100g,1882,2021-07-28
2021-07-24,팔달구,생필품 요금(농산물 8),오이,다다기오이 1개,712,2021-07-28
2021-07-24,팔달구,생필품 요금(농산물 8),호박,애호박(중) 1개,1167,2021-07-28
2021-07-24,팔달구,축산물(4),쇠고기,한우불고기(1등급) 600g,28199,2021-07-28
2021-07-24,팔달구,축산물(4),돼지고기,생삼겹살(국내산) 600g,15736,2021-07-28
2021-07-24,팔달구,축산물(4),닭고기,육계(국내산) 1마리(1kg),6389,2021-07-28
2021-07-24,팔달구,축산물(4),달걀,10개입 1판 10개,4370,2021-07-28
2021-07-24,팔달구,수산물(4),갈치,생물(60cm) 1마리,8674,2021-07-28
2021-07-24,팔달구,수산물(4),동태,냉동 1kg 1마리,3109,2021-07-28
2021-07-24,팔달구,수산물(4),오징어,물오징어(생물) 25cm 1마리,3487,2021-07-28
2021-07-24,팔달구,수산물(4),고등어,자반고등어 30cm 1마리,2538,2021-07-28
2021-07-24,영통구,개인서비스요금(외식비-한식),설렁탕,1인분(보통),8611,2021-07-28
2021-07-24,영통구,개인서비스요금(외식비-한식),냉면,물냉면 1인분(보통),6800,2021-07-28
2021-07-24,영통구,개인서비스요금(외식비-한식),비빕밥,1인분(보통),6600,2021-07-28
2021-07-24,영통구,개인서비스요금(외식비-한식),갈비탕,1인분(보통),10889,2021-07-28
2021-07-24,영통구,개인서비스요금(외식비-한식),삼계탕,닭 1마리 1인분(보통),13111,2021-07-28
2021-07-24,영통구,개인서비스요금(외식비-한식),김치찌개,1인분(보통),7600,2021-07-28
2021-07-24,영통구,개인서비스요금(외식비-한식),된장찌개,1인분(보통),6800,2021-07-28
2021-07-24,영통구,개인서비스요금(외식비-한식),불고기,쇠고기 200g(국내산육우) 공기밥 제외,16413,2021-07-28
2021-07-24,영통구,개인서비스요금(외식비-한식),삼겹살(외식),돼지고기 200g(국내산) 공기밥 제외,13385,2021-07-28
2021-07-24,영통구,개인서비스요금(외식비-한식),등심구이(외식),쇠고기 200g(한우 1+) 1인분,42122,2021-07-28
2021-07-24,영통구,개인서비스요금(외식비-한식),돼지갈비(외식),국내산 200g,16933,2021-07-28
2021-07-24,영통구,(외식비-중식),짜장면,중화요리점 1그릇(보통),5800,2021-07-28
2021-07-24,영통구,(외식비-중식),짬뽕,중화요리점 1그릇(보통),7300,2021-07-28
2021-07-24,영통구,(외식비-중식),탕수육,중화요리점 1그릇(중 돼지고기),20100,2021-07-28
2021-07-24,영통구,(외식비-중식),생선초밥,일식집 1인분 활어기준,14100,2021-07-28
2021-07-24,영통구,(외식비-중식),돈까스,돈까스(국내산) 식당 1인분,8980,2021-07-28
2021-07-24,영통구,(외식비-중식),햄버거,전문점 불고기 버거 1개,3863,2021-07-28
2021-07-24,영통구,(외식비-중식),피자,전문점 불고기 피자 기본형(레귤러),15380,2021-07-28
2021-07-24,영통구,(외식비-중식),커피(외식),커피전문점 일반 원두커피 1잔,3220,2021-07-28
2021-07-24,영통구,(외식비-중식),국산차(외식),녹차 1잔,3767,2021-07-28
2021-07-24,영통구,(외식비-중식),치킨,튀김통닭 후라이드,15040,2021-07-28
2021-07-24,영통구,(외식비-중식),칼국수,칼국수 전문점 1그릇,7000,2021-07-28
2021-07-24,영통구,(외식비-중식),조리라면(외식),분식집 1인분,3400,2021-07-28
2021-07-24,영통구,(외식비-중식),김밥,일반김밥 1줄,2450,2021-07-28
2021-07-24,영통구,(세탁업+이미용업+숙박업등),세탁료,신사복 상하 드라이클리닝 1회,6840,2021-07-28
2021-07-24,영통구,(세탁업+이미용업+숙박업등),의복수선료,신사복 하의길의 수단(바지밑단줄임) 1회,4200,2021-07-28
2021-07-24,영통구,(세탁업+이미용업+숙박업등),목욕료,일반 대중탕 성인1회,7250,2021-07-28
2021-07-24,영통구,(세탁업+이미용업+숙박업등),이용료,성인남성이발 중류급 1회,11600,2021-07-28
2021-07-24,영통구,(세탁업+이미용업+숙박업등),미용료(커트),성인여자커트 중류급 1회(주택 아파트단지 등 일반업소),15200,2021-07-28
2021-07-24,영통구,(세탁업+이미용업+숙박업등),미용료(파마),성인여자 기본 중류급 1회(주택 아파트단지 등 일반업소),45500,2021-07-28
2021-07-24,영통구,(세탁업+이미용업+숙박업등),찜질방이용료,성인1회(찜질복 대여료 포함),8500,2021-07-28
2021-07-24,영통구,(세탁업+이미용업+숙박업등),숙박(호텔),관광호텔 1급 기준 대여료 포함,59500,2021-07-28
2021-07-24,영통구,(세탁업+이미용업+숙박업등),숙박(여관),갑류 독방 1박 욕실부설 1일,40000,2021-07-28
2021-07-24,영통구,(세탁업+이미용업+숙박업등),콘도이용료,약 82.65㎡ 회원기준 1일 사용기준,,2021-07-28
2021-07-24,영통구,개인서비스요금(기타),영화관람료,주중 상영시간 1매(입장세 및 문예진흥기금 포함),13500,2021-07-28
2021-07-24,영통구,개인서비스요금(기타),수영장이용료,성인일반 입장료(체육기금포함) 1회,4000,2021-07-28
2021-07-24,영통구,개인서비스요금(기타),볼링장이용료,일반인 평일 오후시간(신발제외) 1시간,5600,2021-07-28
2021-07-24,영통구,개인서비스요금(기타),골프연습장이용료,초급반(남자) 회비 레슨비(진흥기금 포함 의복 및 신발제외) 1개월,130000,2021-07-28
2021-07-24,영통구,개인서비스요금(기타),노래방이용료,일반인 저녁시간대 일반실 1시간,22500,2021-07-28
2021-07-24,영통구,개인서비스요금(기타),당구장이용료,쿠션 당구대 일반인 저녁시간 1시간,9950,2021-07-28
2021-07-24,영통구,개인서비스요금(기타),운동경기관람료,성인 경기입장료(축구 야구 등) 1회,,2021-07-28
2021-07-24,영통구,개인서비스요금(기타),PC방 이용료,기본시간 1회,1038,2021-07-28
2021-07-24,영통구,개인서비스요금(기타),택배수수료,무게 20kg이하 타지역 1개,7530,2021-07-28
2021-07-24,영통구,개인서비스요금(기타),사진촬영료,반명함판 컬러 3*4㎝ 1조(8매),19284,2021-07-28
2021-07-24,영통구,개인서비스요금(기타),사진인화료,디지털 사진인화요금(현상료 포함) 1매,533,2021-07-28
2021-07-24,영통구,개인서비스요금(기타),공동주택관리비,아파트 개별부담금 제외한 전금액,127265,2021-07-28
2021-07-24,영통구,생필품 요금(농산물 8),사과,상품 1개,2522,2021-07-28
2021-07-24,영통구,생필품 요금(농산물 8),배,상품 1개,4595,2021-07-28
2021-07-24,영통구,생필품 요금(농산물 8),배추,2kg(중간크기) 1포기,3141,2021-07-28
2021-07-24,영통구,생필품 요금(농산물 8),무,1kg 잎 없는것,1760,2021-07-28
2021-07-24,영통구,생필품 요금(농산물 8),양파,작은망(까지않은것 1.5kg) 1망,2979,2021-07-28
2021-07-24,영통구,생필품 요금(농산물 8),상추,적상추 100g,1960,2021-07-28
2021-07-24,영통구,생필품 요금(농산물 8),오이,다다기오이 1개,883,2021-07-28
2021-07-24,영통구,생필품 요금(농산물 8),호박,애호박(중) 1개,1120,2021-07-28
2021-07-24,영통구,축산물(4),쇠고기,한우불고기(1등급) 600g,32929,2021-07-28
2021-07-24,영통구,축산물(4),돼지고기,생삼겹살(국내산) 600g,16872,2021-07-28
2021-07-24,영통구,축산물(4),닭고기,육계(국내산) 1마리(1kg),6898,2021-07-28
2021-07-24,영통구,축산물(4),달걀,10개입 1판 10개,4060,2021-07-28
2021-07-24,영통구,수산물(4),갈치,생물(60cm) 1마리,6531,2021-07-28
2021-07-24,영통구,수산물(4),동태,냉동 1kg 1마리,5973,2021-07-28
2021-07-24,영통구,수산물(4),오징어,물오징어(생물) 25cm 1마리,3772,2021-07-28
2021-07-24,영통구,수산물(4),고등어,자반고등어 30cm 1마리,3373,2021-07-28
